{"coverage": 96.34615384615384, "raw_data": {"meta": {"format": 2, "version": "7.4.3", "timestamp": "2025-08-21T20:53:39.788479", "branch_coverage": false, "show_contexts": false}, "files": {"httpxthrottlecache/__init__.py": {"executed_lines": [1, 2, 4, 7], "summary": {"covered_lines": 4, "num_statements": 4, "percent_covered": 100.0, "percent_covered_display": "100", "missing_lines": 0, "excluded_lines": 0}, "missing_lines": [], "excluded_lines": []}, "httpxthrottlecache/_version.py": {"executed_lines": [1, 3, 4], "summary": {"covered_lines": 3, "num_statements": 3, "percent_covered": 100.0, "percent_covered_display": "100", "missing_lines": 0, "excluded_lines": 2}, "missing_lines": [], "excluded_lines": [5, 6]}, "httpxthrottlecache/controller.py": {"executed_lines": [1, 2, 3, 5, 6, 8, 11, 14, 15, 16, 18, 20, 23, 24, 25, 26, 28, 31, 34, 36, 37, 38, 40, 43, 48, 49, 50, 51, 53, 57, 58, 59, 60, 63, 64, 65, 67, 70, 75, 79, 81, 82, 83, 87, 88, 90, 92, 93, 99, 100, 102, 103, 105, 106, 108, 112], "summary": {"covered_lines": 54, "num_statements": 54, "percent_covered": 100.0, "percent_covered_display": "100", "missing_lines": 0, "excluded_lines": 4}, "missing_lines": [], "excluded_lines": [70, 73, 83, 86]}, "httpxthrottlecache/filecache/transport.py": {"executed_lines": [1, 6, 7, 8, 9, 10, 11, 12, 13, 15, 16, 17, 19, 21, 24, 25, 28, 29, 39, 47, 51, 59, 64, 65, 66, 67, 68, 69, 71, 72, 74, 75, 76, 80, 81, 82, 83, 84, 85, 86, 88, 91, 93, 94, 95, 97, 98, 99, 100, 102, 103, 104, 107, 108, 109, 111, 112, 114, 115, 118, 119, 120, 122, 123, 124, 125, 126, 127, 128, 130, 132, 133, 137, 138, 140, 141, 143, 144, 146, 147, 148, 149, 150, 151, 152, 153, 154, 155, 160, 164, 165, 168, 169, 170, 172, 173, 174, 175, 176, 177, 178, 180, 182, 183, 184, 186, 189, 190, 191, 192, 193, 194, 195, 196, 198, 200, 201, 205, 206, 207, 208, 209, 210, 211, 212, 213, 214, 215, 219, 221, 222, 224, 225, 226, 228, 229, 232, 233, 234, 236, 237, 238, 244, 245, 246, 248, 254, 255, 256, 258, 259, 260, 262, 268, 269, 270, 271, 273, 275, 290, 291, 292, 294, 299, 300, 310, 311, 312, 313, 315, 317, 318, 319, 321, 322, 323, 324, 328, 330, 331, 332, 334, 335, 336, 338, 339, 340, 341, 342, 344, 345, 346, 348, 349, 351, 352, 353, 355, 356, 357, 359, 360, 361, 362, 363, 365, 366], "summary": {"covered_lines": 205, "num_statements": 221, "percent_covered": 92.76018099547511, "percent_covered_display": "93", "missing_lines": 16, "excluded_lines": 13}, "missing_lines": [36, 37, 40, 41, 42, 43, 44, 45, 52, 53, 54, 55, 56, 57, 283, 326], "excluded_lines": [48, 49, 60, 61, 77, 78, 105, 112, 113, 135, 161, 162, 203]}, "httpxthrottlecache/httpxclientmanager.py": {"executed_lines": [1, 2, 3, 4, 5, 6, 7, 8, 9, 10, 12, 13, 14, 15, 17, 18, 19, 20, 21, 23, 25, 28, 29, 30, 41, 45, 46, 47, 48, 49, 50, 52, 53, 54, 55, 56, 58, 60, 62, 64, 65, 68, 69, 73, 74, 76, 77, 78, 79, 80, 82, 83, 85, 86, 88, 95, 98, 99, 100, 102, 104, 105, 106, 108, 109, 111, 115, 138, 140, 141, 142, 144, 146, 147, 148, 149, 150, 151, 152, 153, 154, 156, 160, 161, 163, 165, 166, 168, 169, 170, 172, 174, 175, 177, 178, 181, 182, 183, 185, 187, 188, 191, 193, 195, 196, 197, 198, 200, 201, 203, 205, 206, 207, 208, 209, 213, 215, 216, 225, 226, 227, 229, 230, 232, 238, 239, 240, 242, 244, 245, 246, 247, 248, 249, 252, 253, 255, 256, 257, 261, 262, 263, 265, 267, 276, 277, 278, 280, 282, 283, 284, 285, 286, 287, 290, 291, 293, 294, 295, 299, 300, 301, 303, 305, 306, 308, 309], "summary": {"covered_lines": 166, "num_statements": 169, "percent_covered": 98.22485207100591, "percent_covered_display": "98", "missing_lines": 3, "excluded_lines": 0}, "missing_lines": [96, 113, 158], "excluded_lines": []}, "httpxthrottlecache/key_generator.py": {"executed_lines": [1, 3, 6, 16, 17, 18, 19, 20, 21, 22], "summary": {"covered_lines": 10, "num_statements": 10, "percent_covered": 100.0, "percent_covered_display": "100", "missing_lines": 0, "excluded_lines": 0}, "missing_lines": [], "excluded_lines": []}, "httpxthrottlecache/ratelimiter.py": {"executed_lines": [1, 5, 6, 8, 9, 11, 14, 15, 16, 18, 20, 22, 24, 27, 28, 29, 30, 32, 35, 36, 39, 41, 42, 45, 46, 47, 48, 50, 51, 52, 55, 57, 58], "summary": {"covered_lines": 32, "num_statements": 32, "percent_covered": 100.0, "percent_covered_display": "100", "missing_lines": 0, "excluded_lines": 2}, "missing_lines": [], "excluded_lines": [37, 53]}, "httpxthrottlecache/serializer.py": {"executed_lines": [1, 2, 3, 4, 6, 14, 16, 19, 20, 24, 36, 48, 57, 63, 69, 71, 79, 80, 81, 82, 83, 84, 85, 90, 104, 115, 121, 123, 124, 125], "summary": {"covered_lines": 27, "num_statements": 27, "percent_covered": 100.0, "percent_covered_display": "100", "missing_lines": 0, "excluded_lines": 2}, "missing_lines": [], "excluded_lines": [124, 125]}}, "totals": {"covered_lines": 501, "num_statements": 520, "percent_covered": 96.34615384615384, "percent_covered_display": "96", "missing_lines": 19, "excluded_lines": 23}}, "coverage_path": "."}