{"coverage": 96.53179190751445, "raw_data": {"meta": {"format": 2, "version": "7.4.3", "timestamp": "2025-08-18T16:47:25.457144", "branch_coverage": false, "show_contexts": false}, "files": {"httpxthrottlecache/__init__.py": {"executed_lines": [1, 2, 4, 7], "summary": {"covered_lines": 4, "num_statements": 4, "percent_covered": 100.0, "percent_covered_display": "100", "missing_lines": 0, "excluded_lines": 0}, "missing_lines": [], "excluded_lines": []}, "httpxthrottlecache/_version.py": {"executed_lines": [1, 3, 4], "summary": {"covered_lines": 3, "num_statements": 3, "percent_covered": 100.0, "percent_covered_display": "100", "missing_lines": 0, "excluded_lines": 2}, "missing_lines": [], "excluded_lines": [5, 6]}, "httpxthrottlecache/controller.py": {"executed_lines": [1, 2, 3, 5, 6, 8, 11, 14, 15, 16, 18, 20, 23, 24, 25, 26, 28, 31, 34, 36, 37, 38, 40, 43, 44, 45, 46, 47, 49, 53, 54, 55, 56, 59, 60, 61, 63, 66, 71, 75, 77, 78, 79, 83, 84, 86, 88, 89, 95, 96, 98, 99, 101, 102, 104, 108], "summary": {"covered_lines": 54, "num_statements": 54, "percent_covered": 100.0, "percent_covered_display": "100", "missing_lines": 0, "excluded_lines": 4}, "missing_lines": [], "excluded_lines": [66, 69, 79, 82]}, "httpxthrottlecache/filecache/transport.py": {"executed_lines": [1, 6, 7, 8, 9, 10, 11, 12, 13, 15, 16, 17, 18, 20, 22, 25, 26, 29, 30, 40, 48, 52, 60, 65, 66, 67, 68, 69, 70, 72, 73, 75, 76, 77, 81, 82, 83, 84, 85, 86, 87, 89, 92, 94, 95, 96, 98, 99, 100, 101, 103, 104, 105, 108, 109, 110, 112, 113, 115, 116, 119, 120, 121, 123, 124, 125, 126, 127, 128, 129, 131, 133, 134, 138, 139, 141, 142, 144, 145, 147, 148, 149, 150, 151, 152, 153, 154, 155, 156, 161, 165, 166, 169, 170, 171, 173, 174, 175, 176, 177, 178, 179, 181, 183, 184, 185, 187, 190, 191, 192, 193, 194, 195, 196, 197, 199, 201, 202, 206, 207, 208, 209, 210, 211, 212, 213, 214, 215, 216, 220, 222, 223, 225, 226, 227, 229, 230, 233, 234, 235, 237, 243, 244, 245, 247, 253, 254, 255, 257, 258, 259, 261, 267, 268, 269, 270, 272, 274, 289, 290, 291, 293, 298, 299, 309, 310, 311, 312, 314, 316, 317, 318, 320, 321, 322, 323, 325, 327, 328, 329, 331, 332, 333, 335, 336, 337, 338, 339, 341, 342, 343, 345, 346, 348, 349, 350, 352, 353, 354, 356, 357, 358, 359, 360, 362, 363], "summary": {"covered_lines": 204, "num_statements": 219, "percent_covered": 93.15068493150685, "percent_covered_display": "93", "missing_lines": 15, "excluded_lines": 13}, "missing_lines": [37, 38, 41, 42, 43, 44, 45, 46, 53, 54, 55, 56, 57, 58, 282], "excluded_lines": [49, 50, 61, 62, 78, 79, 106, 113, 114, 136, 162, 163, 204]}, "httpxthrottlecache/httpxclientmanager.py": {"executed_lines": [1, 2, 3, 4, 5, 6, 7, 8, 9, 11, 12, 13, 14, 16, 17, 18, 19, 20, 22, 24, 26, 31, 32, 33, 36, 37, 38, 49, 53, 54, 55, 56, 57, 58, 60, 61, 62, 63, 64, 66, 68, 70, 72, 73, 76, 77, 81, 82, 84, 85, 86, 87, 88, 90, 91, 93, 94, 96, 103, 106, 107, 108, 110, 112, 113, 114, 116, 117, 119, 137, 139, 140, 141, 143, 145, 146, 147, 148, 149, 150, 151, 152, 153, 155, 159, 160, 162, 164, 165, 167, 168, 169, 171, 173, 174, 176, 177, 180, 181, 182, 184, 186, 187, 190, 192, 194, 195, 196, 197, 199, 200, 202, 204, 205, 206, 207, 208, 212, 214, 215, 224, 225, 226, 228, 229, 231, 237, 238, 239, 241, 243, 244, 245, 246, 247, 248, 251, 252, 254, 255, 256, 260, 261, 262, 264, 266, 275, 276, 277, 279, 281, 282, 283, 284, 285, 286, 289, 290, 292, 293, 294, 298, 299, 300, 302, 304, 305, 307, 308], "summary": {"covered_lines": 168, "num_statements": 171, "percent_covered": 98.24561403508773, "percent_covered_display": "98", "missing_lines": 3, "excluded_lines": 1}, "missing_lines": [28, 104, 157], "excluded_lines": [30]}, "httpxthrottlecache/key_generator.py": {"executed_lines": [1, 3, 6, 16, 17, 18, 19, 20, 21, 22], "summary": {"covered_lines": 10, "num_statements": 10, "percent_covered": 100.0, "percent_covered_display": "100", "missing_lines": 0, "excluded_lines": 0}, "missing_lines": [], "excluded_lines": []}, "httpxthrottlecache/ratelimiter.py": {"executed_lines": [1, 5, 7, 8, 10, 13, 14, 15, 17, 19, 21, 23, 26, 27, 28, 29, 31, 34, 35, 38, 40, 41, 44, 45, 46, 47, 49, 50, 51, 54, 56, 57], "summary": {"covered_lines": 31, "num_statements": 31, "percent_covered": 100.0, "percent_covered_display": "100", "missing_lines": 0, "excluded_lines": 2}, "missing_lines": [], "excluded_lines": [36, 52]}, "httpxthrottlecache/serializer.py": {"executed_lines": [1, 2, 3, 4, 6, 14, 16, 19, 20, 24, 36, 48, 57, 63, 69, 71, 79, 80, 81, 82, 83, 84, 85, 90, 104, 115, 121, 123, 124, 125], "summary": {"covered_lines": 27, "num_statements": 27, "percent_covered": 100.0, "percent_covered_display": "100", "missing_lines": 0, "excluded_lines": 2}, "missing_lines": [], "excluded_lines": [124, 125]}}, "totals": {"covered_lines": 501, "num_statements": 519, "percent_covered": 96.53179190751445, "percent_covered_display": "97", "missing_lines": 18, "excluded_lines": 24}}, "coverage_path": "."}