{"coverage": 98.7551867219917, "raw_data": {"meta": {"format": 2, "version": "7.4.3", "timestamp": "2025-08-12T15:45:59.078636", "branch_coverage": false, "show_contexts": false}, "files": {"httpxthrottlecache/__init__.py": {"executed_lines": [1, 2, 4, 7], "summary": {"covered_lines": 4, "num_statements": 4, "percent_covered": 100.0, "percent_covered_display": "100", "missing_lines": 0, "excluded_lines": 0}, "missing_lines": [], "excluded_lines": []}, "httpxthrottlecache/_version.py": {"executed_lines": [1, 3, 4], "summary": {"covered_lines": 3, "num_statements": 3, "percent_covered": 100.0, "percent_covered_display": "100", "missing_lines": 0, "excluded_lines": 2}, "missing_lines": [], "excluded_lines": [5, 6]}, "httpxthrottlecache/controller.py": {"executed_lines": [1, 2, 3, 5, 6, 8, 11, 14, 15, 16, 18, 20, 23, 24, 25, 26, 28, 31, 34, 36, 37, 38, 40, 43, 44, 45, 46, 47, 49, 53, 54, 55, 56, 59, 60, 61, 63, 66, 71, 75, 77, 78, 79, 83, 84, 86, 88, 89, 95, 96, 98, 99, 101, 102, 104, 108], "summary": {"covered_lines": 54, "num_statements": 54, "percent_covered": 100.0, "percent_covered_display": "100", "missing_lines": 0, "excluded_lines": 4}, "missing_lines": [], "excluded_lines": [66, 69, 79, 82]}, "httpxthrottlecache/filecache/transport.py": {"executed_lines": [1, 6, 7, 8, 9, 10, 11, 12, 13, 15, 16, 17, 18, 20, 22, 25, 26, 29, 30, 37, 38, 40, 41, 42, 43, 44, 45, 46, 48, 49, 52, 60, 65, 66, 67, 68, 69, 70, 72, 73, 75, 76, 77, 81, 82, 83, 84, 85, 86, 87, 89, 92, 94, 95, 96, 98, 99, 100, 101, 103, 104, 105, 108, 109, 110, 112, 113, 115, 116, 119, 120, 121, 123, 124, 125, 126, 127, 128, 129, 131, 133, 134, 138, 139, 141, 142, 144, 145, 147, 148, 149, 150, 151, 152, 153, 154, 155, 156, 161, 165, 166, 169, 170, 171, 173, 174, 175, 176, 177, 178, 179, 181, 183, 184, 185, 187, 190, 191, 192, 193, 194, 195, 196, 197, 199, 201, 202, 206, 207, 208, 209, 210, 211, 212, 213, 214, 215, 216, 220, 222, 223, 225, 226, 227, 229, 230, 233, 234, 235, 237, 243, 244, 245, 247, 253, 254, 255, 257, 258, 259, 261, 267, 268, 269, 270, 272, 274, 282, 289, 290, 291, 293, 298, 299, 309, 310, 311, 312, 314, 316, 317, 318, 320, 321, 322, 323, 325, 327, 328, 329, 331, 332, 333, 335, 336, 337, 338, 339, 341, 342, 343, 345, 346, 348, 349, 350, 352, 353, 354, 356, 357, 358, 359, 360, 362, 363], "summary": {"covered_lines": 213, "num_statements": 219, "percent_covered": 97.26027397260275, "percent_covered_display": "97", "missing_lines": 6, "excluded_lines": 13}, "missing_lines": [53, 54, 55, 56, 57, 58], "excluded_lines": [49, 50, 61, 62, 78, 79, 106, 113, 114, 136, 162, 163, 204]}, "httpxthrottlecache/httpxclientmanager.py": {"executed_lines": [1, 2, 3, 4, 5, 6, 8, 9, 10, 12, 13, 14, 15, 16, 18, 20, 22, 25, 26, 29, 30, 31, 42, 46, 47, 48, 49, 50, 51, 53, 54, 55, 56, 57, 59, 61, 63, 64, 67, 68, 72, 73, 75, 76, 77, 78, 79, 81, 82, 84, 85, 87, 88, 89, 91, 93, 94, 95, 97, 98, 100, 101, 103, 104, 107, 108, 109, 111, 112, 113, 115, 117, 119, 120, 121, 122, 124, 125, 127, 129, 130, 131, 132, 133, 135, 137, 138, 147, 148, 149, 151, 152, 154, 160, 161, 163, 165, 166, 167, 168, 169, 170, 173, 174, 176, 177, 178, 182, 183, 184, 186, 188, 194, 195, 196, 198, 200, 201, 202, 203, 204, 205, 208, 209, 211, 212, 213, 217, 218, 219, 221, 223, 224, 226, 227], "summary": {"covered_lines": 134, "num_statements": 134, "percent_covered": 100.0, "percent_covered_display": "100", "missing_lines": 0, "excluded_lines": 1}, "missing_lines": [], "excluded_lines": [24]}, "httpxthrottlecache/key_generator.py": {"executed_lines": [1, 3, 6, 16, 17, 18, 19, 20, 21, 22], "summary": {"covered_lines": 10, "num_statements": 10, "percent_covered": 100.0, "percent_covered_display": "100", "missing_lines": 0, "excluded_lines": 0}, "missing_lines": [], "excluded_lines": []}, "httpxthrottlecache/ratelimiter.py": {"executed_lines": [1, 5, 7, 8, 10, 13, 14, 15, 17, 19, 21, 23, 26, 27, 28, 29, 31, 34, 35, 38, 40, 41, 44, 45, 46, 47, 49, 50, 51, 54, 56, 57], "summary": {"covered_lines": 31, "num_statements": 31, "percent_covered": 100.0, "percent_covered_display": "100", "missing_lines": 0, "excluded_lines": 2}, "missing_lines": [], "excluded_lines": [36, 52]}, "httpxthrottlecache/serializer.py": {"executed_lines": [1, 2, 3, 4, 6, 14, 16, 19, 20, 24, 36, 48, 57, 63, 69, 71, 79, 80, 81, 82, 83, 84, 85, 90, 104, 115, 121, 123, 124, 125], "summary": {"covered_lines": 27, "num_statements": 27, "percent_covered": 100.0, "percent_covered_display": "100", "missing_lines": 0, "excluded_lines": 2}, "missing_lines": [], "excluded_lines": [124, 125]}}, "totals": {"covered_lines": 476, "num_statements": 482, "percent_covered": 98.7551867219917, "percent_covered_display": "99", "missing_lines": 6, "excluded_lines": 24}}, "coverage_path": "."}