{"coverage": 94.11764705882354, "raw_data": {"meta": {"format": 2, "version": "7.4.3", "timestamp": "2025-08-11T22:39:46.836829", "branch_coverage": false, "show_contexts": false}, "files": {"httpxthrottlecache/__init__.py": {"executed_lines": [1, 2, 4, 7], "summary": {"covered_lines": 4, "num_statements": 4, "percent_covered": 100.0, "percent_covered_display": "100", "missing_lines": 0, "excluded_lines": 0}, "missing_lines": [], "excluded_lines": []}, "httpxthrottlecache/_version.py": {"executed_lines": [1, 3, 4], "summary": {"covered_lines": 3, "num_statements": 3, "percent_covered": 100.0, "percent_covered_display": "100", "missing_lines": 0, "excluded_lines": 2}, "missing_lines": [], "excluded_lines": [5, 6]}, "httpxthrottlecache/controller.py": {"executed_lines": [1, 2, 3, 5, 6, 8, 11, 14, 15, 16, 18, 20, 23, 24, 25, 26, 28, 31, 34, 36, 37, 38, 40, 43, 44, 45, 46, 47, 49, 53, 54, 55, 56, 59, 60, 61, 63, 66, 71, 75, 77, 78, 79, 83, 84, 86, 88, 89, 95, 96, 98, 99, 101, 102, 104, 108], "summary": {"covered_lines": 54, "num_statements": 54, "percent_covered": 100.0, "percent_covered_display": "100", "missing_lines": 0, "excluded_lines": 4}, "missing_lines": [], "excluded_lines": [66, 69, 79, 82]}, "httpxthrottlecache/filecache/transport.py": {"executed_lines": [1, 6, 7, 8, 9, 10, 11, 12, 13, 14, 15, 17, 18, 19, 20, 22, 24, 27, 28, 31, 32, 33, 34, 35, 36, 38, 39, 41, 42, 43, 47, 48, 49, 50, 51, 53, 55, 58, 60, 61, 62, 64, 65, 66, 67, 69, 70, 71, 74, 75, 76, 78, 79, 81, 82, 84, 88, 89, 90, 92, 93, 94, 95, 96, 97, 98, 100, 101, 103, 104, 106, 107, 109, 110, 111, 112, 113, 114, 115, 116, 117, 118, 123, 127, 128, 131, 132, 133, 135, 136, 137, 138, 139, 140, 141, 143, 145, 146, 147, 149, 152, 153, 154, 155, 156, 157, 158, 159, 161, 162, 163, 164, 165, 166, 167, 168, 169, 170, 171, 175, 177, 178, 180, 181, 182, 184, 185, 188, 189, 190, 192, 198, 199, 200, 201, 203, 212, 218, 219, 220, 221, 223, 224, 225, 231, 232, 233, 234, 236, 243, 244, 247, 252, 253, 263, 264, 267, 268, 269, 270, 272, 273, 274, 275, 277, 279, 280, 283, 284, 285, 287, 288, 293, 294, 295, 297, 298, 300, 301, 304, 305, 306, 308, 309, 310, 311, 312, 314, 315, 316, 318, 319], "summary": {"covered_lines": 191, "num_statements": 215, "percent_covered": 88.83720930232558, "percent_covered_display": "89", "missing_lines": 24, "excluded_lines": 0}, "missing_lines": [44, 45, 52, 72, 80, 85, 124, 125, 205, 206, 207, 208, 209, 210, 213, 214, 215, 216, 245, 281, 289, 290, 291, 302], "excluded_lines": []}, "httpxthrottlecache/httpxclientmanager.py": {"executed_lines": [1, 2, 3, 4, 5, 6, 8, 9, 10, 12, 13, 14, 15, 16, 18, 20, 22, 25, 26, 29, 30, 31, 42, 46, 47, 48, 49, 50, 51, 53, 54, 55, 56, 57, 59, 61, 63, 64, 67, 68, 72, 73, 75, 76, 77, 78, 81, 82, 84, 85, 87, 88, 91, 93, 94, 95, 97, 98, 100, 101, 103, 104, 107, 108, 109, 111, 112, 113, 115, 117, 119, 120, 121, 122, 124, 125, 127, 129, 130, 131, 132, 133, 135, 137, 138, 147, 148, 149, 151, 152, 154, 160, 161, 165, 166, 167, 168, 169, 170, 173, 174, 176, 177, 178, 182, 183, 184, 186, 188, 194, 195, 196, 200, 201, 202, 203, 204, 205, 208, 209, 211, 212, 213, 217, 218, 219, 221, 223, 224, 226, 227], "summary": {"covered_lines": 130, "num_statements": 134, "percent_covered": 97.01492537313433, "percent_covered_display": "97", "missing_lines": 4, "excluded_lines": 1}, "missing_lines": [79, 89, 163, 198], "excluded_lines": [24]}, "httpxthrottlecache/key_generator.py": {"executed_lines": [1, 3, 6, 17, 18, 20, 22, 23], "summary": {"covered_lines": 8, "num_statements": 8, "percent_covered": 100.0, "percent_covered_display": "100", "missing_lines": 0, "excluded_lines": 0}, "missing_lines": [], "excluded_lines": []}, "httpxthrottlecache/ratelimiter.py": {"executed_lines": [1, 5, 7, 8, 10, 13, 14, 15, 17, 19, 21, 23, 26, 27, 28, 29, 31, 34, 35, 38, 40, 41, 44, 45, 46, 47, 49, 50, 51, 54, 56, 57], "summary": {"covered_lines": 31, "num_statements": 31, "percent_covered": 100.0, "percent_covered_display": "100", "missing_lines": 0, "excluded_lines": 2}, "missing_lines": [], "excluded_lines": [36, 52]}, "httpxthrottlecache/serializer.py": {"executed_lines": [1, 2, 3, 4, 6, 14, 16, 19, 20, 24, 36, 48, 57, 63, 69, 71, 79, 80, 81, 82, 83, 84, 85, 90, 104, 115, 121, 123, 124, 125], "summary": {"covered_lines": 27, "num_statements": 27, "percent_covered": 100.0, "percent_covered_display": "100", "missing_lines": 0, "excluded_lines": 2}, "missing_lines": [], "excluded_lines": [124, 125]}}, "totals": {"covered_lines": 448, "num_statements": 476, "percent_covered": 94.11764705882354, "percent_covered_display": "94", "missing_lines": 28, "excluded_lines": 11}}, "coverage_path": "."}